"","make","year","transtype","atvType","feScore"
"1","Acura",2013,"Automatic","Gasoline",8
"2","Acura",2013,"Automatic","Gasoline",10
"3","Acura",2013,"Automatic","Gasoline",24
"4","Acura",2013,"Automatic","Gasoline",14
"5","Acura",2013,"Automatic","Hybrid",9
"6","Acura",2013,"Manual","Gasoline",5
"7","Acura",2013,"Manual","Gasoline",12
"8","Acura",2014,"Automatic","Gasoline",15
"9","Acura",2014,"Automatic","Gasoline",36
"10","Acura",2014,"Automatic","Gasoline",14
"11","Acura",2014,"Automatic","Hybrid",8
"12","Acura",2014,"Automatic","Hybrid",9
"13","Acura",2014,"Manual","Gasoline",5
"14","Acura",2014,"Manual","Gasoline",12
"15","Acura",2015,"Automatic","Gasoline",20
"16","Acura",2015,"Automatic","Gasoline",18
"17","Acura",2015,"Automatic","Gasoline",14
"18","Acura",2015,"Manual","Gasoline",6
"19","Aston Martin",2013,"Automatic","Gasoline",9
"20","Aston Martin",2013,"Manual","Gasoline",6
"21","Aston Martin",2014,"Automatic","Gasoline",6
"22","Aston Martin",2014,"Automatic","Gasoline",6
"23","Aston Martin",2014,"Manual","Gasoline",4
"24","Aston Martin",2015,"Automatic","Gasoline",2
"25","Aston Martin",2015,"Automatic","Gasoline",15
"26","Aston Martin",2015,"Automatic","Gasoline",4
"27","Aston Martin",2015,"Manual","Gasoline",9
"28","Audi",2013,"Automatic","Diesel",5
"29","Audi",2013,"Automatic","Diesel",9
"30","Audi",2013,"Automatic","FFV",30
"31","Audi",2013,"Automatic","Gasoline",3
"32","Audi",2013,"Automatic","Gasoline",20
"33","Audi",2013,"Automatic","Gasoline",55
"34","Audi",2013,"Automatic","Gasoline",48
"35","Audi",2013,"Automatic","Gasoline",35
"36","Audi",2013,"Automatic","Hybrid",7
"37","Audi",2013,"Manual","Gasoline",15
"38","Audi",2013,"Manual","Gasoline",6
"39","Audi",2013,"Manual","Gasoline",14
"40","Audi",2014,"Automatic","Diesel",5
"41","Audi",2014,"Automatic","Diesel",28
"42","Audi",2014,"Automatic","FFV",30
"43","Audi",2014,"Automatic","Gasoline",15
"44","Audi",2014,"Automatic","Gasoline",28
"45","Audi",2014,"Automatic","Gasoline",55
"46","Audi",2014,"Automatic","Gasoline",6
"47","Audi",2014,"Automatic","Gasoline",35
"48","Audi",2014,"Automatic","Hybrid",7
"49","Audi",2014,"Manual","Gasoline",8
"50","Audi",2014,"Manual","Gasoline",10
"51","Audi",2014,"Manual","Gasoline",14
"52","Audi",2015,"Automatic","Diesel",5
"53","Audi",2015,"Automatic","Diesel",28
"54","Audi",2015,"Automatic","Diesel",8
"55","Audi",2015,"Automatic","FFV",5
"56","Audi",2015,"Automatic","FFV",24
"57","Audi",2015,"Automatic","Gasoline",6
"58","Audi",2015,"Automatic","Gasoline",32
"59","Audi",2015,"Automatic","Gasoline",80
"60","Audi",2015,"Automatic","Gasoline",24
"61","Audi",2015,"Automatic","Gasoline",35
"62","Audi",2015,"Automatic","Hybrid",6
"63","Audi",2015,"Manual","Gasoline",8
"64","Audi",2015,"Manual","Gasoline",10
"65","Audi",2015,"Manual","Gasoline",12
"66","Bentley",2013,"Automatic","FFV",8
"67","Bentley",2013,"Automatic","FFV",6
"68","Bentley",2013,"Automatic","Gasoline",2
"69","Bentley",2013,"Automatic","Gasoline",8
"70","Bentley",2014,"Automatic","FFV",8
"71","Bentley",2014,"Automatic","Gasoline",1
"72","Bentley",2014,"Automatic","Gasoline",3
"73","Bentley",2014,"Automatic","Gasoline",4
"74","Bentley",2015,"Automatic","FFV",9
"75","Bentley",2015,"Automatic","Gasoline",1
"76","Bentley",2015,"Automatic","Gasoline",16
"77","BMW",2013,"Automatic","Diesel",5
"78","BMW",2013,"Automatic","Gasoline",4
"79","BMW",2013,"Automatic","Gasoline",27
"80","BMW",2013,"Automatic","Gasoline",92
"81","BMW",2013,"Automatic","Gasoline",85
"82","BMW",2013,"Automatic","Gasoline",42
"83","BMW",2013,"Automatic","Gasoline",77
"84","BMW",2013,"Automatic","Hybrid",6
"85","BMW",2013,"Automatic","Hybrid",14
"86","BMW",2013,"Manual","Gasoline",6
"87","BMW",2013,"Manual","Gasoline",24
"88","BMW",2013,"Manual","Gasoline",50
"89","BMW",2013,"Manual","Gasoline",30
"90","BMW",2013,"Manual","Gasoline",28
"91","BMW",2014,"Automatic","Diesel",7
"92","BMW",2014,"Automatic","Diesel",16
"93","BMW",2014,"Automatic","Diesel",27
"94","BMW",2014,"Automatic","EV",10
"95","BMW",2014,"Automatic","Gasoline",4
"96","BMW",2014,"Automatic","Gasoline",18
"97","BMW",2014,"Automatic","Gasoline",52
"98","BMW",2014,"Automatic","Gasoline",85
"99","BMW",2014,"Automatic","Gasoline",102
"100","BMW",2014,"Automatic","Gasoline",105
"101","BMW",2014,"Automatic","Hybrid",6
"102","BMW",2014,"Automatic","Hybrid",14
"103","BMW",2014,"Automatic","Plug-in Hybrid",9
"104","BMW",2014,"Automatic","Plug-in Hybrid",10
"105","BMW",2014,"Manual","Gasoline",12
"106","BMW",2014,"Manual","Gasoline",5
"107","BMW",2014,"Manual","Gasoline",36
"108","BMW",2014,"Manual","Gasoline",35
"109","BMW",2015,"Automatic","Diesel",6
"110","BMW",2015,"Automatic","Diesel",28
"111","BMW",2015,"Automatic","Diesel",16
"112","BMW",2015,"Automatic","Diesel",9
"113","BMW",2015,"Automatic","EV",10
"114","BMW",2015,"Automatic","Gasoline",21
"115","BMW",2015,"Automatic","Gasoline",76
"116","BMW",2015,"Automatic","Gasoline",125
"117","BMW",2015,"Automatic","Gasoline",162
"118","BMW",2015,"Automatic","Gasoline",77
"119","BMW",2015,"Automatic","Hybrid",12
"120","BMW",2015,"Automatic","Hybrid",7
"121","BMW",2015,"Automatic","Plug-in Hybrid",9
"122","BMW",2015,"Automatic","Plug-in Hybrid",10
"123","BMW",2015,"Manual","Gasoline",16
"124","BMW",2015,"Manual","Gasoline",35
"125","BMW",2015,"Manual","Gasoline",36
"126","BMW",2015,"Manual","Gasoline",7
"127","Buick",2013,"Automatic","FFV",20
"128","Buick",2013,"Automatic","FFV",12
"129","Buick",2013,"Automatic","Gasoline",8
"130","Buick",2013,"Automatic","Gasoline",10
"131","Buick",2013,"Automatic","Gasoline",12
"132","Buick",2013,"Automatic","Gasoline",14
"133","Buick",2013,"Automatic","Hybrid",16
"134","Buick",2013,"Manual","FFV",6
"135","Buick",2013,"Manual","Gasoline",5
"136","Buick",2013,"Manual","Gasoline",6
"137","Buick",2014,"Automatic","FFV",10
"138","Buick",2014,"Automatic","Gasoline",8
"139","Buick",2014,"Automatic","Gasoline",10
"140","Buick",2014,"Automatic","Gasoline",24
"141","Buick",2014,"Automatic","Gasoline",14
"142","Buick",2014,"Automatic","Hybrid",14
"143","Buick",2014,"Manual","Gasoline",12
"144","Buick",2015,"Automatic","FFV",10
"145","Buick",2015,"Automatic","Gasoline",8
"146","Buick",2015,"Automatic","Gasoline",15
"147","Buick",2015,"Automatic","Gasoline",24
"148","Buick",2015,"Automatic","Gasoline",7
"149","Buick",2015,"Automatic","Hybrid",14
"150","Buick",2015,"Manual","Gasoline",12
"151","Cadillac",2013,"Automatic","FFV",4
"152","Cadillac",2013,"Automatic","FFV",9
"153","Cadillac",2013,"Automatic","FFV",8
"154","Cadillac",2013,"Automatic","FFV",10
"155","Cadillac",2013,"Automatic","Gasoline",4
"156","Cadillac",2013,"Automatic","Gasoline",8
"157","Cadillac",2013,"Automatic","Gasoline",60
"158","Cadillac",2013,"Automatic","Gasoline",12
"159","Cadillac",2013,"Automatic","Gasoline",7
"160","Cadillac",2013,"Automatic","Hybrid",10
"161","Cadillac",2013,"Manual","Gasoline",6
"162","Cadillac",2013,"Manual","Gasoline",4
"163","Cadillac",2013,"Manual","Gasoline",6
"164","Cadillac",2014,"Automatic","FFV",4
"165","Cadillac",2014,"Automatic","FFV",6
"166","Cadillac",2014,"Automatic","Gasoline",6
"167","Cadillac",2014,"Automatic","Gasoline",6
"168","Cadillac",2014,"Automatic","Gasoline",16
"169","Cadillac",2014,"Automatic","Gasoline",65
"170","Cadillac",2014,"Automatic","Gasoline",18
"171","Cadillac",2014,"Automatic","Gasoline",7
"172","Cadillac",2014,"Automatic","Plug-in Hybrid",10
"173","Cadillac",2014,"Manual","Gasoline",9
"174","Cadillac",2014,"Manual","Gasoline",6
"175","Cadillac",2015,"Automatic","Gasoline",2
"176","Cadillac",2015,"Automatic","Gasoline",9
"177","Cadillac",2015,"Automatic","Gasoline",44
"178","Cadillac",2015,"Automatic","Gasoline",40
"179","Cadillac",2015,"Automatic","Gasoline",18
"180","Cadillac",2015,"Automatic","Plug-in Hybrid",10
"181","Cadillac",2015,"Manual","Gasoline",3
"182","Cadillac",2015,"Manual","Gasoline",5
"183","Chevrolet",2013,"Automatic","FFV",2
"184","Chevrolet",2013,"Automatic","FFV",20
"185","Chevrolet",2013,"Automatic","FFV",9
"186","Chevrolet",2013,"Automatic","FFV",48
"187","Chevrolet",2013,"Automatic","FFV",10
"188","Chevrolet",2013,"Automatic","FFV",12
"189","Chevrolet",2013,"Automatic","FFV",7
"190","Chevrolet",2013,"Automatic","Gasoline",2
"191","Chevrolet",2013,"Automatic","Gasoline",2
"192","Chevrolet",2013,"Automatic","Gasoline",3
"193","Chevrolet",2013,"Automatic","Gasoline",28
"194","Chevrolet",2013,"Automatic","Gasoline",20
"195","Chevrolet",2013,"Automatic","Gasoline",12
"196","Chevrolet",2013,"Automatic","Gasoline",42
"197","Chevrolet",2013,"Automatic","Gasoline",40
"198","Chevrolet",2013,"Automatic","Hybrid",20
"199","Chevrolet",2013,"Automatic","Hybrid",8
"200","Chevrolet",2013,"Automatic","Plug-in Hybrid",10
"201","Chevrolet",2013,"Manual","Gasoline",3
"202","Chevrolet",2013,"Manual","Gasoline",16
"203","Chevrolet",2013,"Manual","Gasoline",5
"204","Chevrolet",2013,"Manual","Gasoline",64
"205","Chevrolet",2013,"Manual","Gasoline",9
"206","Chevrolet",2014,"Automatic","Diesel",8
"207","Chevrolet",2014,"Automatic","EV",10
"208","Chevrolet",2014,"Automatic","FFV",3
"209","Chevrolet",2014,"Automatic","FFV",12
"210","Chevrolet",2014,"Automatic","FFV",12
"211","Chevrolet",2014,"Automatic","FFV",24
"212","Chevrolet",2014,"Automatic","FFV",20
"213","Chevrolet",2014,"Automatic","FFV",12
"214","Chevrolet",2014,"Automatic","FFV",7
"215","Chevrolet",2014,"Automatic","Gasoline",2
"216","Chevrolet",2014,"Automatic","Gasoline",2
"217","Chevrolet",2014,"Automatic","Gasoline",12
"218","Chevrolet",2014,"Automatic","Gasoline",16
"219","Chevrolet",2014,"Automatic","Gasoline",25
"220","Chevrolet",2014,"Automatic","Gasoline",18
"221","Chevrolet",2014,"Automatic","Gasoline",49
"222","Chevrolet",2014,"Automatic","Gasoline",40
"223","Chevrolet",2014,"Automatic","Hybrid",14
"224","Chevrolet",2014,"Automatic","Plug-in Hybrid",10
"225","Chevrolet",2014,"Manual","Gasoline",2
"226","Chevrolet",2014,"Manual","Gasoline",3
"227","Chevrolet",2014,"Manual","Gasoline",4
"228","Chevrolet",2014,"Manual","Gasoline",10
"229","Chevrolet",2014,"Manual","Gasoline",7
"230","Chevrolet",2014,"Manual","Gasoline",72
"231","Chevrolet",2015,"Automatic","Bifuel (CNG)",5
"232","Chevrolet",2015,"Automatic","Diesel",8
"233","Chevrolet",2015,"Automatic","EV",10
"234","Chevrolet",2015,"Automatic","FFV",3
"235","Chevrolet",2015,"Automatic","FFV",44
"236","Chevrolet",2015,"Automatic","FFV",25
"237","Chevrolet",2015,"Automatic","FFV",6
"238","Chevrolet",2015,"Automatic","Gasoline",5
"239","Chevrolet",2015,"Automatic","Gasoline",2
"240","Chevrolet",2015,"Automatic","Gasoline",6
"241","Chevrolet",2015,"Automatic","Gasoline",60
"242","Chevrolet",2015,"Automatic","Gasoline",50
"243","Chevrolet",2015,"Automatic","Gasoline",24
"244","Chevrolet",2015,"Automatic","Gasoline",63
"245","Chevrolet",2015,"Automatic","Gasoline",32
"246","Chevrolet",2015,"Automatic","Plug-in Hybrid",10
"247","Chevrolet",2015,"Manual","Gasoline",6
"248","Chevrolet",2015,"Manual","Gasoline",12
"249","Chevrolet",2015,"Manual","Gasoline",15
"250","Chevrolet",2015,"Manual","Gasoline",42
"251","Chevrolet",2015,"Manual","Gasoline",32
"252","Chrysler",2013,"Automatic","FFV",20
"253","Chrysler",2013,"Automatic","FFV",6
"254","Chrysler",2013,"Automatic","Gasoline",12
"255","Chrysler",2013,"Automatic","Gasoline",10
"256","Chrysler",2013,"Automatic","Gasoline",18
"257","Chrysler",2014,"Automatic","FFV",20
"258","Chrysler",2014,"Automatic","FFV",6
"259","Chrysler",2014,"Automatic","Gasoline",3
"260","Chrysler",2014,"Automatic","Gasoline",8
"261","Chrysler",2014,"Automatic","Gasoline",15
"262","Chrysler",2014,"Automatic","Gasoline",18
"263","Chrysler",2015,"Automatic","FFV",25
"264","Chrysler",2015,"Automatic","FFV",7
"265","Chrysler",2015,"Automatic","Gasoline",4
"266","Chrysler",2015,"Automatic","Gasoline",25
"267","Chrysler",2015,"Automatic","Gasoline",7
"268","Dodge",2013,"Automatic","FFV",8
"269","Dodge",2013,"Automatic","FFV",25
"270","Dodge",2013,"Automatic","FFV",6
"271","Dodge",2013,"Automatic","FFV",7
"272","Dodge",2013,"Automatic","Gasoline",6
"273","Dodge",2013,"Automatic","Gasoline",24
"274","Dodge",2013,"Automatic","Gasoline",25
"275","Dodge",2013,"Automatic","Gasoline",24
"276","Dodge",2013,"Automatic","Gasoline",7
"277","Dodge",2013,"Automatic","Gasoline",16
"278","Dodge",2013,"Manual","Gasoline",8
"279","Dodge",2013,"Manual","Gasoline",7
"280","Dodge",2013,"Manual","Gasoline",24
"281","Dodge",2014,"Automatic","FFV",8
"282","Dodge",2014,"Automatic","FFV",25
"283","Dodge",2014,"Automatic","FFV",6
"284","Dodge",2014,"Automatic","FFV",7
"285","Dodge",2014,"Automatic","Gasoline",12
"286","Dodge",2014,"Automatic","Gasoline",16
"287","Dodge",2014,"Automatic","Gasoline",25
"288","Dodge",2014,"Automatic","Gasoline",18
"289","Dodge",2014,"Automatic","Gasoline",14
"290","Dodge",2014,"Automatic","Gasoline",16
"291","Dodge",2014,"Manual","Gasoline",3
"292","Dodge",2014,"Manual","Gasoline",4
"293","Dodge",2014,"Manual","Gasoline",21
"294","Dodge",2014,"Manual","Gasoline",8
"295","Dodge",2015,"Automatic","FFV",8
"296","Dodge",2015,"Automatic","FFV",20
"297","Dodge",2015,"Automatic","FFV",7
"298","Dodge",2015,"Automatic","Gasoline",9
"299","Dodge",2015,"Automatic","Gasoline",28
"300","Dodge",2015,"Automatic","Gasoline",25
"301","Dodge",2015,"Automatic","Gasoline",6
"302","Dodge",2015,"Automatic","Gasoline",7
"303","Dodge",2015,"Automatic","Gasoline",16
"304","Dodge",2015,"Manual","Gasoline",6
"305","Dodge",2015,"Manual","Gasoline",12
"306","Dodge",2015,"Manual","Gasoline",21
"307","Dodge",2015,"Manual","Gasoline",8
"308","Ferrari",2013,"Automatic","Gasoline",12
"309","Ferrari",2013,"Automatic","Gasoline",12
"310","Ferrari",2014,"Automatic","Gasoline",4
"311","Ferrari",2014,"Automatic","Gasoline",14
"312","Ferrari",2014,"Automatic","Gasoline",3
"313","Ferrari",2014,"Automatic","Hybrid",2
"314","Ferrari",2015,"Automatic","Gasoline",4
"315","Ferrari",2015,"Automatic","Gasoline",8
"316","Ferrari",2015,"Automatic","Gasoline",12
"317","Ferrari",2015,"Automatic","Gasoline",8
"318","Fiat",2013,"Automatic","EV",10
"319","Fiat",2013,"Automatic","Gasoline",8
"320","Fiat",2013,"Manual","Gasoline",16
"321","Fiat",2013,"Manual","Gasoline",9
"322","Fiat",2014,"Automatic","EV",10
"323","Fiat",2014,"Automatic","Gasoline",7
"324","Fiat",2014,"Automatic","Gasoline",8
"325","Fiat",2014,"Manual","Gasoline",7
"326","Fiat",2014,"Manual","Gasoline",24
"327","Fiat",2015,"Automatic","EV",10
"328","Fiat",2015,"Automatic","Gasoline",6
"329","Fiat",2015,"Automatic","Gasoline",28
"330","Fiat",2015,"Manual","Gasoline",21
"331","Fiat",2015,"Manual","Gasoline",8
"332","Ford",2013,"Automatic","EV",10
"333","Ford",2013,"Automatic","FFV",12
"334","Ford",2013,"Automatic","FFV",18
"335","Ford",2013,"Automatic","FFV",28
"336","Ford",2013,"Automatic","FFV",10
"337","Ford",2013,"Automatic","FFV",6
"338","Ford",2013,"Automatic","FFV",24
"339","Ford",2013,"Automatic","Gasoline",2
"340","Ford",2013,"Automatic","Gasoline",4
"341","Ford",2013,"Automatic","Gasoline",3
"342","Ford",2013,"Automatic","Gasoline",36
"343","Ford",2013,"Automatic","Gasoline",45
"344","Ford",2013,"Automatic","Gasoline",72
"345","Ford",2013,"Automatic","Gasoline",42
"346","Ford",2013,"Automatic","Gasoline",32
"347","Ford",2013,"Automatic","Hybrid",20
"348","Ford",2013,"Automatic","Plug-in Hybrid",20
"349","Ford",2013,"Manual","FFV",8
"350","Ford",2013,"Manual","Gasoline",8
"351","Ford",2013,"Manual","Gasoline",5
"352","Ford",2013,"Manual","Gasoline",7
"353","Ford",2013,"Manual","Gasoline",24
"354","Ford",2014,"Automatic","EV",10
"355","Ford",2014,"Automatic","FFV",3
"356","Ford",2014,"Automatic","FFV",12
"357","Ford",2014,"Automatic","FFV",15
"358","Ford",2014,"Automatic","FFV",20
"359","Ford",2014,"Automatic","FFV",10
"360","Ford",2014,"Automatic","FFV",6
"361","Ford",2014,"Automatic","FFV",24
"362","Ford",2014,"Automatic","Gasoline",4
"363","Ford",2014,"Automatic","Gasoline",2
"364","Ford",2014,"Automatic","Gasoline",6
"365","Ford",2014,"Automatic","Gasoline",28
"366","Ford",2014,"Automatic","Gasoline",40
"367","Ford",2014,"Automatic","Gasoline",96
"368","Ford",2014,"Automatic","Gasoline",42
"369","Ford",2014,"Automatic","Gasoline",32
"370","Ford",2014,"Automatic","Hybrid",18
"371","Ford",2014,"Automatic","Plug-in Hybrid",20
"372","Ford",2014,"Manual","FFV",8
"373","Ford",2014,"Manual","Gasoline",8
"374","Ford",2014,"Manual","Gasoline",5
"375","Ford",2014,"Manual","Gasoline",21
"376","Ford",2014,"Manual","Gasoline",16
"377","Ford",2014,"Manual","Gasoline",9
"378","Ford",2015,"Automatic","EV",10
"379","Ford",2015,"Automatic","FFV",3
"380","Ford",2015,"Automatic","FFV",16
"381","Ford",2015,"Automatic","FFV",20
"382","Ford",2015,"Automatic","FFV",7
"383","Ford",2015,"Automatic","FFV",8
"384","Ford",2015,"Automatic","Gasoline",6
"385","Ford",2015,"Automatic","Gasoline",40
"386","Ford",2015,"Automatic","Gasoline",90
"387","Ford",2015,"Automatic","Gasoline",96
"388","Ford",2015,"Automatic","Gasoline",21
"389","Ford",2015,"Automatic","Gasoline",24
"390","Ford",2015,"Automatic","Hybrid",18
"391","Ford",2015,"Automatic","Plug-in Hybrid",20
"392","Ford",2015,"Manual","FFV",7
"393","Ford",2015,"Manual","Gasoline",4
"394","Ford",2015,"Manual","Gasoline",5
"395","Ford",2015,"Manual","Gasoline",12
"396","Ford",2015,"Manual","Gasoline",14
"397","Ford",2015,"Manual","Gasoline",32
"398","GMC",2013,"Automatic","FFV",2
"399","GMC",2013,"Automatic","FFV",24
"400","GMC",2013,"Automatic","FFV",18
"401","GMC",2013,"Automatic","FFV",32
"402","GMC",2013,"Automatic","FFV",5
"403","GMC",2013,"Automatic","FFV",6
"404","GMC",2013,"Automatic","FFV",7
"405","GMC",2013,"Automatic","Gasoline",2
"406","GMC",2013,"Automatic","Gasoline",3
"407","GMC",2013,"Automatic","Gasoline",20
"408","GMC",2013,"Automatic","Gasoline",5
"409","GMC",2013,"Automatic","Gasoline",6
"410","GMC",2013,"Automatic","Gasoline",7
"411","GMC",2013,"Automatic","Hybrid",25
"412","GMC",2014,"Automatic","FFV",3
"413","GMC",2014,"Automatic","FFV",16
"414","GMC",2014,"Automatic","FFV",18
"415","GMC",2014,"Automatic","FFV",16
"416","GMC",2014,"Automatic","FFV",10
"417","GMC",2014,"Automatic","FFV",6
"418","GMC",2014,"Automatic","FFV",7
"419","GMC",2014,"Automatic","Gasoline",2
"420","GMC",2014,"Automatic","Gasoline",9
"421","GMC",2014,"Automatic","Gasoline",12
"422","GMC",2014,"Automatic","Gasoline",5
"423","GMC",2014,"Automatic","Gasoline",6
"424","GMC",2014,"Automatic","Gasoline",7
"425","GMC",2015,"Automatic","FFV",3
"426","GMC",2015,"Automatic","FFV",44
"427","GMC",2015,"Automatic","FFV",5
"428","GMC",2015,"Automatic","FFV",6
"429","GMC",2015,"Automatic","Gasoline",5
"430","GMC",2015,"Automatic","Gasoline",12
"431","GMC",2015,"Automatic","Gasoline",72
"432","GMC",2015,"Automatic","Gasoline",30
"433","GMC",2015,"Automatic","Gasoline",6
"434","GMC",2015,"Manual","Gasoline",5
"435","Honda",2013,"Automatic","CNG",8
"436","Honda",2013,"Automatic","EV",10
"437","Honda",2013,"Automatic","Gasoline",4
"438","Honda",2013,"Automatic","Gasoline",25
"439","Honda",2013,"Automatic","Gasoline",30
"440","Honda",2013,"Automatic","Gasoline",7
"441","Honda",2013,"Automatic","Gasoline",48
"442","Honda",2013,"Automatic","Hybrid",9
"443","Honda",2013,"Automatic","Hybrid",30
"444","Honda",2013,"Manual","Gasoline",5
"445","Honda",2013,"Manual","Gasoline",6
"446","Honda",2013,"Manual","Gasoline",7
"447","Honda",2013,"Manual","Gasoline",16
"448","Honda",2013,"Manual","Hybrid",9
"449","Honda",2014,"Automatic","CNG",8
"450","Honda",2014,"Automatic","EV",10
"451","Honda",2014,"Automatic","Gasoline",3
"452","Honda",2014,"Automatic","Gasoline",20
"453","Honda",2014,"Automatic","Gasoline",24
"454","Honda",2014,"Automatic","Gasoline",21
"455","Honda",2014,"Automatic","Gasoline",24
"456","Honda",2014,"Automatic","Gasoline",9
"457","Honda",2014,"Automatic","Hybrid",27
"458","Honda",2014,"Automatic","Hybrid",20
"459","Honda",2014,"Automatic","Plug-in Hybrid",10
"460","Honda",2014,"Manual","Gasoline",5
"461","Honda",2014,"Manual","Gasoline",6
"462","Honda",2014,"Manual","Gasoline",7
"463","Honda",2014,"Manual","Gasoline",8
"464","Honda",2014,"Manual","Hybrid",8
"465","Honda",2015,"Automatic","CNG",8
"466","Honda",2015,"Automatic","Gasoline",25
"467","Honda",2015,"Automatic","Gasoline",18
"468","Honda",2015,"Automatic","Gasoline",21
"469","Honda",2015,"Automatic","Gasoline",48
"470","Honda",2015,"Automatic","Hybrid",9
"471","Honda",2015,"Automatic","Hybrid",20
"472","Honda",2015,"Manual","Gasoline",5
"473","Honda",2015,"Manual","Gasoline",6
"474","Honda",2015,"Manual","Gasoline",7
"475","Honda",2015,"Manual","Gasoline",16
"476","Honda",2015,"Manual","Hybrid",8
"477","Hyundai",2013,"Automatic","Gasoline",12
"478","Hyundai",2013,"Automatic","Gasoline",30
"479","Hyundai",2013,"Automatic","Gasoline",36
"480","Hyundai",2013,"Automatic","Gasoline",21
"481","Hyundai",2013,"Automatic","Gasoline",48
"482","Hyundai",2013,"Automatic","Hybrid",18
"483","Hyundai",2013,"Manual","Gasoline",15
"484","Hyundai",2013,"Manual","Gasoline",12
"485","Hyundai",2013,"Manual","Gasoline",14
"486","Hyundai",2013,"Manual","Gasoline",40
"487","Hyundai",2014,"Automatic","Gasoline",16
"488","Hyundai",2014,"Automatic","Gasoline",45
"489","Hyundai",2014,"Automatic","Gasoline",36
"490","Hyundai",2014,"Automatic","Gasoline",35
"491","Hyundai",2014,"Automatic","Gasoline",32
"492","Hyundai",2014,"Automatic","Hybrid",18
"493","Hyundai",2014,"Manual","Gasoline",4
"494","Hyundai",2014,"Manual","Gasoline",5
"495","Hyundai",2014,"Manual","Gasoline",21
"496","Hyundai",2014,"Manual","Gasoline",24
"497","Hyundai",2015,"Automatic","Gasoline",20
"498","Hyundai",2015,"Automatic","Gasoline",65
"499","Hyundai",2015,"Automatic","Gasoline",24
"500","Hyundai",2015,"Automatic","Gasoline",56
"501","Hyundai",2015,"Automatic","Gasoline",24
"502","Hyundai",2015,"Automatic","Hybrid",18
"503","Hyundai",2015,"Manual","Gasoline",4
"504","Hyundai",2015,"Manual","Gasoline",35
"505","Hyundai",2015,"Manual","Gasoline",16
"506","Infiniti",2013,"Automatic","Gasoline",9
"507","Infiniti",2013,"Automatic","Gasoline",16
"508","Infiniti",2013,"Automatic","Gasoline",55
"509","Infiniti",2013,"Automatic","Hybrid",8
"510","Infiniti",2013,"Manual","Gasoline",4
"511","Infiniti",2013,"Manual","Gasoline",10
"512","Infiniti",2014,"Automatic","Gasoline",9
"513","Infiniti",2014,"Automatic","Gasoline",16
"514","Infiniti",2014,"Automatic","Gasoline",55
"515","Infiniti",2014,"Automatic","Gasoline",12
"516","Infiniti",2014,"Automatic","Hybrid",21
"517","Infiniti",2014,"Automatic","Hybrid",32
"518","Infiniti",2014,"Manual","Gasoline",4
"519","Infiniti",2014,"Manual","Gasoline",5
"520","Infiniti",2015,"Automatic","Gasoline",9
"521","Infiniti",2015,"Automatic","Gasoline",16
"522","Infiniti",2015,"Automatic","Gasoline",75
"523","Infiniti",2015,"Automatic","Hybrid",12
"524","Infiniti",2015,"Automatic","Hybrid",21
"525","Infiniti",2015,"Automatic","Hybrid",16
"526","Infiniti",2015,"Manual","Gasoline",4
"527","Infiniti",2015,"Manual","Gasoline",5
"528","Jaguar",2013,"Automatic","FFV",16
"529","Jaguar",2013,"Automatic","Gasoline",44
"530","Jaguar",2013,"Automatic","Gasoline",15
"531","Jaguar",2013,"Automatic","Gasoline",6
"532","Jaguar",2014,"Automatic","FFV",12
"533","Jaguar",2014,"Automatic","FFV",15
"534","Jaguar",2014,"Automatic","Gasoline",3
"535","Jaguar",2014,"Automatic","Gasoline",40
"536","Jaguar",2014,"Automatic","Gasoline",5
"537","Jaguar",2014,"Automatic","Gasoline",12
"538","Jaguar",2015,"Automatic","FFV",12
"539","Jaguar",2015,"Automatic","FFV",10
"540","Jaguar",2015,"Automatic","Gasoline",44
"541","Jaguar",2015,"Automatic","Gasoline",35
"542","Jeep",2013,"Automatic","FFV",8
"543","Jeep",2013,"Automatic","Gasoline",2
"544","Jeep",2013,"Automatic","Gasoline",6
"545","Jeep",2013,"Automatic","Gasoline",8
"546","Jeep",2013,"Automatic","Gasoline",10
"547","Jeep",2013,"Automatic","Gasoline",36
"548","Jeep",2013,"Manual","Gasoline",8
"549","Jeep",2013,"Manual","Gasoline",24
"550","Jeep",2013,"Manual","Gasoline",14
"551","Jeep",2014,"Automatic","Diesel",12
"552","Jeep",2014,"Automatic","FFV",4
"553","Jeep",2014,"Automatic","FFV",5
"554","Jeep",2014,"Automatic","Gasoline",2
"555","Jeep",2014,"Automatic","Gasoline",6
"556","Jeep",2014,"Automatic","Gasoline",8
"557","Jeep",2014,"Automatic","Gasoline",35
"558","Jeep",2014,"Automatic","Gasoline",66
"559","Jeep",2014,"Manual","Gasoline",8
"560","Jeep",2014,"Manual","Gasoline",24
"561","Jeep",2014,"Manual","Gasoline",14
"562","Jeep",2015,"Automatic","Diesel",12
"563","Jeep",2015,"Automatic","FFV",4
"564","Jeep",2015,"Automatic","FFV",5
"565","Jeep",2015,"Automatic","FFV",18
"566","Jeep",2015,"Automatic","Gasoline",6
"567","Jeep",2015,"Automatic","Gasoline",12
"568","Jeep",2015,"Automatic","Gasoline",55
"569","Jeep",2015,"Automatic","Gasoline",36
"570","Jeep",2015,"Manual","Gasoline",8
"571","Jeep",2015,"Manual","Gasoline",36
"572","Jeep",2015,"Manual","Gasoline",14
"573","Kia",2013,"Automatic","Gasoline",20
"574","Kia",2013,"Automatic","Gasoline",42
"575","Kia",2013,"Automatic","Gasoline",49
"576","Kia",2013,"Automatic","Gasoline",40
"577","Kia",2013,"Automatic","Hybrid",18
"578","Kia",2013,"Manual","Gasoline",10
"579","Kia",2013,"Manual","Gasoline",6
"580","Kia",2013,"Manual","Gasoline",42
"581","Kia",2013,"Manual","Gasoline",16
"582","Kia",2014,"Automatic","Gasoline",40
"583","Kia",2014,"Automatic","Gasoline",30
"584","Kia",2014,"Automatic","Gasoline",63
"585","Kia",2014,"Automatic","Gasoline",16
"586","Kia",2014,"Automatic","Hybrid",18
"587","Kia",2014,"Manual","Gasoline",5
"588","Kia",2014,"Manual","Gasoline",12
"589","Kia",2014,"Manual","Gasoline",35
"590","Kia",2014,"Manual","Gasoline",8
"591","Kia",2015,"Automatic","EV",10
"592","Kia",2015,"Automatic","Gasoline",8
"593","Kia",2015,"Automatic","Gasoline",65
"594","Kia",2015,"Automatic","Gasoline",36
"595","Kia",2015,"Automatic","Gasoline",35
"596","Kia",2015,"Automatic","Gasoline",24
"597","Kia",2015,"Automatic","Hybrid",18
"598","Kia",2015,"Manual","Gasoline",18
"599","Kia",2015,"Manual","Gasoline",14
"600","Kia",2015,"Manual","Gasoline",8
"601","Lamborghini",2013,"Automatic","Gasoline",1
"602","Lamborghini",2013,"Automatic","Gasoline",2
"603","Lamborghini",2013,"Automatic","Gasoline",6
"604","Lamborghini",2013,"Manual","Gasoline",2
"605","Lamborghini",2013,"Manual","Gasoline",3
"606","Lamborghini",2014,"Automatic","Gasoline",3
"607","Lamborghini",2014,"Automatic","Gasoline",6
"608","Lamborghini",2014,"Manual","Gasoline",4
"609","Lamborghini",2015,"Automatic","Gasoline",3
"610","Lamborghini",2015,"Automatic","Gasoline",3
"611","Land Rover",2013,"Automatic","Gasoline",4
"612","Land Rover",2013,"Automatic","Gasoline",9
"613","Land Rover",2013,"Automatic","Gasoline",5
"614","Land Rover",2013,"Automatic","Gasoline",6
"615","Land Rover",2014,"Automatic","FFV",9
"616","Land Rover",2014,"Automatic","FFV",12
"617","Land Rover",2014,"Automatic","Gasoline",2
"618","Land Rover",2014,"Automatic","Gasoline",6
"619","Land Rover",2014,"Automatic","Gasoline",8
"620","Land Rover",2014,"Automatic","Gasoline",5
"621","Land Rover",2014,"Automatic","Gasoline",6
"622","Land Rover",2015,"Automatic","FFV",9
"623","Land Rover",2015,"Automatic","Gasoline",6
"624","Land Rover",2015,"Automatic","Gasoline",12
"625","Land Rover",2015,"Automatic","Gasoline",10
"626","Land Rover",2015,"Automatic","Gasoline",6
"627","Lexus",2013,"Automatic","Gasoline",2
"628","Lexus",2013,"Automatic","Gasoline",24
"629","Lexus",2013,"Automatic","Gasoline",30
"630","Lexus",2013,"Automatic","Gasoline",24
"631","Lexus",2013,"Automatic","Hybrid",5
"632","Lexus",2013,"Automatic","Hybrid",24
"633","Lexus",2013,"Automatic","Hybrid",20
"634","Lexus",2014,"Automatic","Gasoline",2
"635","Lexus",2014,"Automatic","Gasoline",3
"636","Lexus",2014,"Automatic","Gasoline",20
"637","Lexus",2014,"Automatic","Gasoline",35
"638","Lexus",2014,"Automatic","Gasoline",30
"639","Lexus",2014,"Automatic","Hybrid",5
"640","Lexus",2014,"Automatic","Hybrid",7
"641","Lexus",2014,"Automatic","Hybrid",16
"642","Lexus",2014,"Automatic","Hybrid",18
"643","Lexus",2015,"Automatic","Gasoline",2
"644","Lexus",2015,"Automatic","Gasoline",24
"645","Lexus",2015,"Automatic","Gasoline",55
"646","Lexus",2015,"Automatic","Gasoline",36
"647","Lexus",2015,"Automatic","Hybrid",5
"648","Lexus",2015,"Automatic","Hybrid",14
"649","Lexus",2015,"Automatic","Hybrid",24
"650","Lexus",2015,"Automatic","Hybrid",18
"651","Lincoln",2013,"Automatic","FFV",6
"652","Lincoln",2013,"Automatic","Gasoline",12
"653","Lincoln",2013,"Automatic","Gasoline",35
"654","Lincoln",2013,"Automatic","Gasoline",12
"655","Lincoln",2013,"Automatic","Gasoline",7
"656","Lincoln",2013,"Automatic","Hybrid",9
"657","Lincoln",2014,"Automatic","FFV",2
"658","Lincoln",2014,"Automatic","FFV",3
"659","Lincoln",2014,"Automatic","Gasoline",12
"660","Lincoln",2014,"Automatic","Gasoline",35
"661","Lincoln",2014,"Automatic","Gasoline",12
"662","Lincoln",2014,"Automatic","Gasoline",7
"663","Lincoln",2014,"Automatic","Hybrid",9
"664","Lincoln",2015,"Automatic","Gasoline",3
"665","Lincoln",2015,"Automatic","Gasoline",24
"666","Lincoln",2015,"Automatic","Gasoline",55
"667","Lincoln",2015,"Automatic","Gasoline",12
"668","Lincoln",2015,"Automatic","Hybrid",9
"669","Lotus",2013,"Automatic","Gasoline",5
"670","Lotus",2013,"Automatic","Gasoline",6
"671","Lotus",2013,"Manual","Gasoline",10
"672","Lotus",2014,"Automatic","Gasoline",10
"673","Lotus",2014,"Manual","Gasoline",10
"674","Maserati",2013,"Automatic","Gasoline",2
"675","Maserati",2013,"Automatic","Gasoline",6
"676","Maserati",2014,"Automatic","Gasoline",2
"677","Maserati",2014,"Automatic","Gasoline",6
"678","Maserati",2014,"Automatic","Gasoline",12
"679","Maserati",2015,"Automatic","Gasoline",9
"680","Maserati",2015,"Automatic","Gasoline",12
"681","Mazda",2013,"Automatic","Gasoline",8
"682","Mazda",2013,"Automatic","Gasoline",5
"683","Mazda",2013,"Automatic","Gasoline",24
"684","Mazda",2013,"Automatic","Gasoline",14
"685","Mazda",2013,"Automatic","Gasoline",32
"686","Mazda",2013,"Manual","Gasoline",5
"687","Mazda",2013,"Manual","Gasoline",30
"688","Mazda",2013,"Manual","Gasoline",7
"689","Mazda",2013,"Manual","Gasoline",32
"690","Mazda",2014,"Automatic","Gasoline",8
"691","Mazda",2014,"Automatic","Gasoline",12
"692","Mazda",2014,"Automatic","Gasoline",28
"693","Mazda",2014,"Automatic","Gasoline",72
"694","Mazda",2014,"Manual","Gasoline",18
"695","Mazda",2014,"Manual","Gasoline",14
"696","Mazda",2014,"Manual","Gasoline",24
"697","Mazda",2015,"Automatic","Gasoline",8
"698","Mazda",2015,"Automatic","Gasoline",5
"699","Mazda",2015,"Automatic","Gasoline",12
"700","Mazda",2015,"Automatic","Gasoline",28
"701","Mazda",2015,"Automatic","Gasoline",56
"702","Mazda",2015,"Manual","Gasoline",12
"703","Mazda",2015,"Manual","Gasoline",28
"704","Mazda",2015,"Manual","Gasoline",16
"705","Mercedes-Benz",2013,"Automatic","Diesel",5
"706","Mercedes-Benz",2013,"Automatic","Diesel",18
"707","Mercedes-Benz",2013,"Automatic","Diesel",7
"708","Mercedes-Benz",2013,"Automatic","FFV",25
"709","Mercedes-Benz",2013,"Automatic","FFV",18
"710","Mercedes-Benz",2013,"Automatic","Gasoline",14
"711","Mercedes-Benz",2013,"Automatic","Gasoline",33
"712","Mercedes-Benz",2013,"Automatic","Gasoline",52
"713","Mercedes-Benz",2013,"Automatic","Gasoline",95
"714","Mercedes-Benz",2013,"Automatic","Gasoline",60
"715","Mercedes-Benz",2013,"Automatic","Gasoline",7
"716","Mercedes-Benz",2013,"Automatic","Hybrid",5
"717","Mercedes-Benz",2013,"Automatic","Hybrid",7
"718","Mercedes-Benz",2013,"Manual","Gasoline",7
"719","Mercedes-Benz",2014,"Automatic","Diesel",5
"720","Mercedes-Benz",2014,"Automatic","Diesel",6
"721","Mercedes-Benz",2014,"Automatic","Diesel",7
"722","Mercedes-Benz",2014,"Automatic","Diesel",16
"723","Mercedes-Benz",2014,"Automatic","EV",10
"724","Mercedes-Benz",2014,"Automatic","FFV",4
"725","Mercedes-Benz",2014,"Automatic","FFV",5
"726","Mercedes-Benz",2014,"Automatic","FFV",36
"727","Mercedes-Benz",2014,"Automatic","Gasoline",2
"728","Mercedes-Benz",2014,"Automatic","Gasoline",24
"729","Mercedes-Benz",2014,"Automatic","Gasoline",12
"730","Mercedes-Benz",2014,"Automatic","Gasoline",64
"731","Mercedes-Benz",2014,"Automatic","Gasoline",90
"732","Mercedes-Benz",2014,"Automatic","Gasoline",78
"733","Mercedes-Benz",2014,"Automatic","Gasoline",21
"734","Mercedes-Benz",2014,"Automatic","Gasoline",8
"735","Mercedes-Benz",2014,"Automatic","Hybrid",7
"736","Mercedes-Benz",2014,"Manual","Gasoline",7
"737","Mercedes-Benz",2015,"Automatic","Diesel",5
"738","Mercedes-Benz",2015,"Automatic","Diesel",6
"739","Mercedes-Benz",2015,"Automatic","Diesel",7
"740","Mercedes-Benz",2015,"Automatic","Diesel",16
"741","Mercedes-Benz",2015,"Automatic","EV",10
"742","Mercedes-Benz",2015,"Automatic","FFV",4
"743","Mercedes-Benz",2015,"Automatic","FFV",10
"744","Mercedes-Benz",2015,"Automatic","FFV",14
"745","Mercedes-Benz",2015,"Automatic","Gasoline",2
"746","Mercedes-Benz",2015,"Automatic","Gasoline",2
"747","Mercedes-Benz",2015,"Automatic","Gasoline",24
"748","Mercedes-Benz",2015,"Automatic","Gasoline",52
"749","Mercedes-Benz",2015,"Automatic","Gasoline",135
"750","Mercedes-Benz",2015,"Automatic","Gasoline",54
"751","Mercedes-Benz",2015,"Automatic","Gasoline",42
"752","Mercedes-Benz",2015,"Automatic","Hybrid",6
"753","Mercedes-Benz",2015,"Manual","Gasoline",6
"754","MINI",2013,"Automatic","Gasoline",56
"755","MINI",2013,"Automatic","Gasoline",128
"756","MINI",2013,"Manual","Gasoline",28
"757","MINI",2013,"Manual","Gasoline",168
"758","MINI",2014,"Automatic","Gasoline",56
"759","MINI",2014,"Automatic","Gasoline",120
"760","MINI",2014,"Manual","Gasoline",49
"761","MINI",2014,"Manual","Gasoline",128
"762","MINI",2015,"Automatic","Gasoline",24
"763","MINI",2015,"Automatic","Gasoline",105
"764","MINI",2015,"Automatic","Gasoline",24
"765","MINI",2015,"Manual","Gasoline",6
"766","MINI",2015,"Manual","Gasoline",126
"767","MINI",2015,"Manual","Gasoline",24
"768","Mitsubishi",2013,"Automatic","EV",10
"769","Mitsubishi",2013,"Automatic","Gasoline",4
"770","Mitsubishi",2013,"Automatic","Gasoline",15
"771","Mitsubishi",2013,"Automatic","Gasoline",24
"772","Mitsubishi",2013,"Automatic","Gasoline",28
"773","Mitsubishi",2013,"Automatic","Gasoline",8
"774","Mitsubishi",2013,"Manual","Gasoline",4
"775","Mitsubishi",2013,"Manual","Gasoline",21
"776","Mitsubishi",2014,"Automatic","EV",10
"777","Mitsubishi",2014,"Automatic","Gasoline",4
"778","Mitsubishi",2014,"Automatic","Gasoline",5
"779","Mitsubishi",2014,"Automatic","Gasoline",18
"780","Mitsubishi",2014,"Automatic","Gasoline",49
"781","Mitsubishi",2014,"Automatic","Gasoline",9
"782","Mitsubishi",2014,"Manual","Gasoline",4
"783","Mitsubishi",2014,"Manual","Gasoline",21
"784","Mitsubishi",2014,"Manual","Gasoline",9
"785","Mitsubishi",2015,"Automatic","Gasoline",4
"786","Mitsubishi",2015,"Automatic","Gasoline",10
"787","Mitsubishi",2015,"Automatic","Gasoline",30
"788","Mitsubishi",2015,"Automatic","Gasoline",28
"789","Mitsubishi",2015,"Automatic","Gasoline",9
"790","Mitsubishi",2015,"Manual","Gasoline",4
"791","Mitsubishi",2015,"Manual","Gasoline",12
"792","Mitsubishi",2015,"Manual","Gasoline",7
"793","Mitsubishi",2015,"Manual","Gasoline",9
"794","Nissan",2013,"Automatic","EV",10
"795","Nissan",2013,"Automatic","FFV",4
"796","Nissan",2013,"Automatic","FFV",6
"797","Nissan",2013,"Automatic","Gasoline",4
"798","Nissan",2013,"Automatic","Gasoline",6
"799","Nissan",2013,"Automatic","Gasoline",28
"800","Nissan",2013,"Automatic","Gasoline",40
"801","Nissan",2013,"Automatic","Gasoline",24
"802","Nissan",2013,"Automatic","Gasoline",21
"803","Nissan",2013,"Automatic","Gasoline",32
"804","Nissan",2013,"Automatic","Gasoline",27
"805","Nissan",2013,"Manual","Gasoline",12
"806","Nissan",2013,"Manual","Gasoline",15
"807","Nissan",2013,"Manual","Gasoline",14
"808","Nissan",2013,"Manual","Gasoline",16
"809","Nissan",2014,"Automatic","EV",10
"810","Nissan",2014,"Automatic","FFV",8
"811","Nissan",2014,"Automatic","Gasoline",8
"812","Nissan",2014,"Automatic","Gasoline",6
"813","Nissan",2014,"Automatic","Gasoline",20
"814","Nissan",2014,"Automatic","Gasoline",40
"815","Nissan",2014,"Automatic","Gasoline",24
"816","Nissan",2014,"Automatic","Gasoline",35
"817","Nissan",2014,"Automatic","Gasoline",40
"818","Nissan",2014,"Automatic","Gasoline",9
"819","Nissan",2014,"Automatic","Hybrid",14
"820","Nissan",2014,"Manual","Gasoline",3
"821","Nissan",2014,"Manual","Gasoline",8
"822","Nissan",2014,"Manual","Gasoline",15
"823","Nissan",2014,"Manual","Gasoline",14
"824","Nissan",2014,"Manual","Gasoline",16
"825","Nissan",2015,"Automatic","EV",10
"826","Nissan",2015,"Automatic","FFV",4
"827","Nissan",2015,"Automatic","FFV",6
"828","Nissan",2015,"Automatic","Gasoline",4
"829","Nissan",2015,"Automatic","Gasoline",6
"830","Nissan",2015,"Automatic","Gasoline",24
"831","Nissan",2015,"Automatic","Gasoline",30
"832","Nissan",2015,"Automatic","Gasoline",42
"833","Nissan",2015,"Automatic","Gasoline",42
"834","Nissan",2015,"Automatic","Gasoline",32
"835","Nissan",2015,"Automatic","Hybrid",12
"836","Nissan",2015,"Manual","Gasoline",12
"837","Nissan",2015,"Manual","Gasoline",15
"838","Nissan",2015,"Manual","Gasoline",28
"839","Porsche",2013,"Automatic","Diesel",6
"840","Porsche",2013,"Automatic","Gasoline",52
"841","Porsche",2013,"Automatic","Gasoline",35
"842","Porsche",2013,"Automatic","Gasoline",24
"843","Porsche",2013,"Automatic","Gasoline",7
"844","Porsche",2013,"Automatic","Hybrid",5
"845","Porsche",2013,"Automatic","Hybrid",6
"846","Porsche",2013,"Manual","Gasoline",12
"847","Porsche",2013,"Manual","Gasoline",40
"848","Porsche",2013,"Manual","Gasoline",12
"849","Porsche",2014,"Automatic","Diesel",6
"850","Porsche",2014,"Automatic","Gasoline",12
"851","Porsche",2014,"Automatic","Gasoline",24
"852","Porsche",2014,"Automatic","Gasoline",85
"853","Porsche",2014,"Automatic","Gasoline",30
"854","Porsche",2014,"Automatic","Gasoline",14
"855","Porsche",2014,"Automatic","Hybrid",5
"856","Porsche",2014,"Automatic","Plug-in Hybrid",8
"857","Porsche",2014,"Manual","Gasoline",3
"858","Porsche",2014,"Manual","Gasoline",50
"859","Porsche",2014,"Manual","Gasoline",24
"860","Porsche",2015,"Automatic","Diesel",5
"861","Porsche",2015,"Automatic","Gasoline",36
"862","Porsche",2015,"Automatic","Gasoline",110
"863","Porsche",2015,"Automatic","Gasoline",36
"864","Porsche",2015,"Automatic","Plug-in Hybrid",14
"865","Porsche",2015,"Automatic","Plug-in Hybrid",8
"866","Porsche",2015,"Manual","Gasoline",90
"867","Porsche",2015,"Manual","Gasoline",12
"868","Ram",2013,"Automatic","FFV",6
"869","Ram",2013,"Automatic","FFV",4
"870","Ram",2013,"Automatic","FFV",10
"871","Ram",2013,"Automatic","Gasoline",6
"872","Ram",2013,"Automatic","Gasoline",8
"873","Ram",2013,"Automatic","Gasoline",10
"874","Ram",2014,"Automatic","Diesel",5
"875","Ram",2014,"Automatic","Diesel",6
"876","Ram",2014,"Automatic","FFV",4
"877","Ram",2014,"Automatic","FFV",10
"878","Ram",2014,"Automatic","Gasoline",2
"879","Ram",2014,"Automatic","Gasoline",9
"880","Ram",2014,"Automatic","Gasoline",4
"881","Ram",2014,"Automatic","Gasoline",15
"882","Ram",2015,"Automatic","Diesel",10
"883","Ram",2015,"Automatic","Diesel",6
"884","Ram",2015,"Automatic","FFV",4
"885","Ram",2015,"Automatic","FFV",10
"886","Ram",2015,"Automatic","Gasoline",6
"887","Ram",2015,"Automatic","Gasoline",12
"888","Ram",2015,"Automatic","Gasoline",15
"889","Ram",2015,"Automatic","Gasoline",6
"890","Rolls-Royce",2013,"Automatic","Gasoline",8
"891","Rolls-Royce",2013,"Automatic","Gasoline",6
"892","Rolls-Royce",2014,"Automatic","Gasoline",14
"893","Rolls-Royce",2015,"Automatic","Gasoline",8
"894","Rolls-Royce",2015,"Automatic","Gasoline",9
"895","Roush Performance",2013,"Automatic","Gasoline",4
"896","Roush Performance",2013,"Manual","Gasoline",4
"897","Roush Performance",2014,"Automatic","Gasoline",5
"898","Roush Performance",2014,"Automatic","Gasoline",3
"899","Roush Performance",2014,"Manual","Gasoline",3
"900","Scion",2013,"Automatic","EV",10
"901","Scion",2013,"Automatic","Gasoline",6
"902","Scion",2013,"Automatic","Gasoline",14
"903","Scion",2013,"Automatic","Gasoline",8
"904","Scion",2013,"Automatic","Gasoline",9
"905","Scion",2013,"Manual","Gasoline",12
"906","Scion",2013,"Manual","Gasoline",7
"907","Scion",2013,"Manual","Gasoline",8
"908","Scion",2014,"Automatic","Gasoline",6
"909","Scion",2014,"Automatic","Gasoline",21
"910","Scion",2014,"Automatic","Gasoline",9
"911","Scion",2014,"Manual","Gasoline",12
"912","Scion",2014,"Manual","Gasoline",14
"913","Scion",2015,"Automatic","Gasoline",12
"914","Scion",2015,"Automatic","Gasoline",7
"915","Scion",2015,"Automatic","Gasoline",9
"916","Scion",2015,"Manual","Gasoline",18
"917","smart",2013,"Automatic","EV",20
"918","smart",2013,"Automatic","Gasoline",18
"919","smart",2014,"Automatic","EV",20
"920","smart",2014,"Automatic","Gasoline",18
"921","smart",2015,"Automatic","EV",20
"922","smart",2015,"Automatic","Gasoline",16
"923","Subaru",2013,"Automatic","Gasoline",4
"924","Subaru",2013,"Automatic","Gasoline",15
"925","Subaru",2013,"Automatic","Gasoline",6
"926","Subaru",2013,"Automatic","Gasoline",28
"927","Subaru",2013,"Automatic","Gasoline",16
"928","Subaru",2013,"Manual","Gasoline",8
"929","Subaru",2013,"Manual","Gasoline",10
"930","Subaru",2013,"Manual","Gasoline",24
"931","Subaru",2013,"Manual","Gasoline",21
"932","Subaru",2014,"Automatic","Gasoline",4
"933","Subaru",2014,"Automatic","Gasoline",10
"934","Subaru",2014,"Automatic","Gasoline",6
"935","Subaru",2014,"Automatic","Gasoline",35
"936","Subaru",2014,"Automatic","Gasoline",16
"937","Subaru",2014,"Automatic","Hybrid",8
"938","Subaru",2014,"Manual","Gasoline",8
"939","Subaru",2014,"Manual","Gasoline",10
"940","Subaru",2014,"Manual","Gasoline",24
"941","Subaru",2014,"Manual","Gasoline",21
"942","Subaru",2015,"Automatic","Gasoline",15
"943","Subaru",2015,"Automatic","Gasoline",6
"944","Subaru",2015,"Automatic","Gasoline",35
"945","Subaru",2015,"Automatic","Gasoline",24
"946","Subaru",2015,"Automatic","Hybrid",8
"947","Subaru",2015,"Manual","Gasoline",4
"948","Subaru",2015,"Manual","Gasoline",24
"949","Subaru",2015,"Manual","Gasoline",21
"950","Suzuki",2013,"Automatic","Gasoline",10
"951","Suzuki",2013,"Automatic","Gasoline",18
"952","Suzuki",2013,"Automatic","Gasoline",28
"953","Suzuki",2013,"Manual","Gasoline",5
"954","Suzuki",2013,"Manual","Gasoline",24
"955","Suzuki",2013,"Manual","Gasoline",14
"956","Tesla",2013,"Automatic","EV",30
"957","Tesla",2014,"Automatic","EV",30
"958","Tesla",2015,"Automatic","EV",50
"959","Toyota",2013,"Automatic","EV",10
"960","Toyota",2013,"Automatic","FFV",2
"961","Toyota",2013,"Automatic","FFV",3
"962","Toyota",2013,"Automatic","Gasoline",2
"963","Toyota",2013,"Automatic","Gasoline",15
"964","Toyota",2013,"Automatic","Gasoline",48
"965","Toyota",2013,"Automatic","Gasoline",45
"966","Toyota",2013,"Automatic","Gasoline",42
"967","Toyota",2013,"Automatic","Gasoline",21
"968","Toyota",2013,"Automatic","Gasoline",16
"969","Toyota",2013,"Automatic","Hybrid",7
"970","Toyota",2013,"Automatic","Hybrid",60
"971","Toyota",2013,"Automatic","Plug-in Hybrid",10
"972","Toyota",2013,"Manual","Gasoline",3
"973","Toyota",2013,"Manual","Gasoline",12
"974","Toyota",2013,"Manual","Gasoline",12
"975","Toyota",2013,"Manual","Gasoline",24
"976","Toyota",2014,"Automatic","EV",10
"977","Toyota",2014,"Automatic","FFV",4
"978","Toyota",2014,"Automatic","Gasoline",10
"979","Toyota",2014,"Automatic","Gasoline",9
"980","Toyota",2014,"Automatic","Gasoline",36
"981","Toyota",2014,"Automatic","Gasoline",40
"982","Toyota",2014,"Automatic","Gasoline",36
"983","Toyota",2014,"Automatic","Gasoline",14
"984","Toyota",2014,"Automatic","Gasoline",40
"985","Toyota",2014,"Automatic","Gasoline",9
"986","Toyota",2014,"Automatic","Hybrid",14
"987","Toyota",2014,"Automatic","Hybrid",36
"988","Toyota",2014,"Automatic","Hybrid",20
"989","Toyota",2014,"Automatic","Plug-in Hybrid",10
"990","Toyota",2014,"Manual","Gasoline",6
"991","Toyota",2014,"Manual","Gasoline",8
"992","Toyota",2014,"Manual","Gasoline",6
"993","Toyota",2014,"Manual","Gasoline",16
"994","Toyota",2015,"Automatic","FFV",2
"995","Toyota",2015,"Automatic","FFV",3
"996","Toyota",2015,"Automatic","Gasoline",2
"997","Toyota",2015,"Automatic","Gasoline",18
"998","Toyota",2015,"Automatic","Gasoline",28
"999","Toyota",2015,"Automatic","Gasoline",45
"1000","Toyota",2015,"Automatic","Gasoline",36
"1001","Toyota",2015,"Automatic","Gasoline",7
"1002","Toyota",2015,"Automatic","Gasoline",48
"1003","Toyota",2015,"Automatic","Hybrid",14
"1004","Toyota",2015,"Automatic","Hybrid",36
"1005","Toyota",2015,"Automatic","Hybrid",20
"1006","Toyota",2015,"Automatic","Plug-in Hybrid",10
"1007","Toyota",2015,"Manual","Gasoline",12
"1008","Toyota",2015,"Manual","Gasoline",5
"1009","Toyota",2015,"Manual","Gasoline",16
"1010","Volkswagen",2013,"Automatic","Diesel",6
"1011","Volkswagen",2013,"Automatic","Diesel",24
"1012","Volkswagen",2013,"Automatic","Diesel",27
"1013","Volkswagen",2013,"Automatic","FFV",5
"1014","Volkswagen",2013,"Automatic","Gasoline",4
"1015","Volkswagen",2013,"Automatic","Gasoline",10
"1016","Volkswagen",2013,"Automatic","Gasoline",66
"1017","Volkswagen",2013,"Automatic","Gasoline",35
"1018","Volkswagen",2013,"Automatic","Hybrid",5
"1019","Volkswagen",2013,"Automatic","Hybrid",10
"1020","Volkswagen",2013,"Manual","Diesel",16
"1021","Volkswagen",2013,"Manual","Diesel",36
"1022","Volkswagen",2013,"Manual","Gasoline",10
"1023","Volkswagen",2013,"Manual","Gasoline",30
"1024","Volkswagen",2013,"Manual","Gasoline",42
"1025","Volkswagen",2014,"Automatic","Diesel",6
"1026","Volkswagen",2014,"Automatic","Diesel",48
"1027","Volkswagen",2014,"Automatic","FFV",5
"1028","Volkswagen",2014,"Automatic","Gasoline",4
"1029","Volkswagen",2014,"Automatic","Gasoline",5
"1030","Volkswagen",2014,"Automatic","Gasoline",60
"1031","Volkswagen",2014,"Automatic","Gasoline",63
"1032","Volkswagen",2014,"Automatic","Hybrid",5
"1033","Volkswagen",2014,"Automatic","Hybrid",10
"1034","Volkswagen",2014,"Manual","Diesel",40
"1035","Volkswagen",2014,"Manual","Diesel",9
"1036","Volkswagen",2014,"Manual","Gasoline",5
"1037","Volkswagen",2014,"Manual","Gasoline",18
"1038","Volkswagen",2014,"Manual","Gasoline",56
"1039","Volkswagen",2014,"Manual","Gasoline",8
"1040","Volkswagen",2015,"Automatic","Diesel",5
"1041","Volkswagen",2015,"Automatic","Diesel",48
"1042","Volkswagen",2015,"Automatic","EV",10
"1043","Volkswagen",2015,"Automatic","Gasoline",4
"1044","Volkswagen",2015,"Automatic","Gasoline",20
"1045","Volkswagen",2015,"Automatic","Gasoline",36
"1046","Volkswagen",2015,"Automatic","Gasoline",56
"1047","Volkswagen",2015,"Automatic","Hybrid",5
"1048","Volkswagen",2015,"Automatic","Hybrid",10
"1049","Volkswagen",2015,"Manual","Diesel",48
"1050","Volkswagen",2015,"Manual","Gasoline",24
"1051","Volkswagen",2015,"Manual","Gasoline",49
"1052","Volvo",2013,"Automatic","Gasoline",8
"1053","Volvo",2013,"Automatic","Gasoline",45
"1054","Volvo",2013,"Automatic","Gasoline",24
"1055","Volvo",2013,"Manual","Gasoline",6
"1056","Volvo",2014,"Automatic","Gasoline",8
"1057","Volvo",2014,"Automatic","Gasoline",40
"1058","Volvo",2014,"Automatic","Gasoline",18
"1059","Volvo",2015,"Automatic","Gasoline",65
"1060","Volvo",2015,"Automatic","Gasoline",6
"1061","Volvo",2015,"Automatic","Gasoline",49
